LaserID,Elevation,Azimuth
1,0.60366,193.33747
2,3.32389,193.36131
3,6.01037,193.34482
4,8.64237,193.41829
5,11.27961,193.47669
6,13.92824,193.46605
7,16.57279,193.60451
8,19.21504,193.77519
9,21.91800,187.86962
10,24.56885,187.84975
11,27.21406,187.85431
12,29.88939,187.85183
13,32.52066,187.65341
14,35.22156,187.80239
15,37.91053,187.84902
16,40.66427,187.77156
